comment_id,text,timestamp,source_url
1052136939461283,This is tricky suspecting they just want to increase the tariff when they already have power to light the nation unless they say just after water rises in kariba they will reduce that tariff thing,2026-04-03T00:22:19.6363127Z,https://www.facebook.com/100064549037984/posts/932739655554327/
1061206061896004,"Hope Eastwoods that has been the plan all along. They knew a time like this will come, and citizens will have no choice.",2026-04-03T00:22:19.6363127Z,https://www.facebook.com/100064549037984/posts/932739655554327/
1061206061896004,Pethias Kapembwa my thoughts exactly,2026-04-03T00:22:19.6363127Z,https://www.facebook.com/100064549037984/posts/932739655554327/
1061206061896004,Pethias KapembwaPethias Kapembwa exactly..they have punished and starved us of it...how can we say no if it's offered at a higher price.,2026-04-03T00:22:19.6363127Z,https://www.facebook.com/100064549037984/posts/932739655554327/
1061206061896004,"Well executed by ZESCO..they timely waited for this period. We are left with no choice but to accept the new tariffs. The law of demand is at play, once an essential product becomes scarce on the market, customers will be willing to pay for it at a higher price just to have access to it.",2026-04-03T00:22:19.5894349Z,https://www.facebook.com/100064549037984/posts/932739655554327/
1070263681273648,Okay K50 ati 5 units ... Oho nipano tuli,2026-04-03T00:22:19.6206903Z,https://www.facebook.com/100064549037984/posts/932739655554327/
1072875247526177,So when you increase the tariff the water will increase?since you told us it has dried up. Increase and give us 24hrs . Our Business have gone down because of zesco,2026-04-03T00:22:19.6050636Z,https://www.facebook.com/100064549037984/posts/932739655554327/
1087771732862911,Day light robbery.just wait for the rains and increase supply bit by bit to seven hours. How many times have you increased tariffs over the same reasons in the past years?,2026-04-03T00:22:19.6206903Z,https://www.facebook.com/100064549037984/posts/932739655554327/
1087771732862911,Mwango Mofya my question exactly. This story has been there for years but we don't see any benefits,2026-04-03T00:22:19.6206903Z,https://www.facebook.com/100064549037984/posts/932739655554327/
1165683811648198,Let me put it in simple terms for those who think Ati it's no longer about the water levels aweh. Ba Zesco Nomba apa basanguka ba middle man (ba tidyemo) meaning nga ba Chita approve Zesco will be buying power kumbi ukupela ama customers babo when ama customers pay ba Zesco bakalasendamo profit nokupela indalama abene abamalaiti shabo 😂😂 what a time to be alive.,2026-04-03T00:22:19.6206903Z,https://www.facebook.com/100064549037984/posts/932739655554327/
1188683998899249,Peter Inácio it's inscribed under the terms of IMF,2026-04-03T00:22:19.6206903Z,https://www.facebook.com/100064549037984/posts/932739655554327/
1188683998899249,The government should just come clear on power. It's one of the conditions in the IMF deal to remove subsides on energy and we are just wittinessing that effects . Imports and the like these are just tricks it's a mandatory according to IMF deal to increase price of energy.,2026-04-03T00:22:19.6050636Z,https://www.facebook.com/100064549037984/posts/932739655554327/
1252989996052312,"The only problem in Zambia if things go up,they never reduce so you may hike prices and when things stable you won't reduce..",2026-04-03T00:22:19.6363127Z,https://www.facebook.com/100064549037984/posts/932739655554327/
1258393112006430,How come those countries have surplus electricity.....,2026-04-03T00:22:19.6363127Z,https://www.facebook.com/100064549037984/posts/932739655554327/
1264995131341388,"Foolish zesco together with ERB why accepting this and where do they going to get extra power meaning they work under the instructions from PF,so they don't know that everything will go up soloon, barbershops, even freezits will go up",2026-04-03T00:22:19.6206903Z,https://www.facebook.com/100064549037984/posts/932739655554327/
1347267839568320,It's a good move power is cheaper in Zambia,2026-04-03T00:22:19.6363127Z,https://www.facebook.com/100064549037984/posts/932739655554327/
1477722886217170,"Efyo chaba futi? They keep shifting goal posts. First it was Tanzania, Namibia, Sadacc power pool, Solar from EUA. List of anticipated solutions in immediate to short term period is just there nor here and in meantime SME's are on their knees literally.",2026-04-03T00:22:19.5894349Z,https://www.facebook.com/100064549037984/posts/932739655554327/
1477722886217170,Mathew Mutwale Not to worry. What you posted was in right context nonetheless.,2026-04-03T00:22:19.6050636Z,https://www.facebook.com/100064549037984/posts/932739655554327/
1477722886217170,Mathew Mutwale Yes Mathew that's what they should say but you seem to be addressing that matter to me.,2026-04-03T00:22:19.6050636Z,https://www.facebook.com/100064549037984/posts/932739655554327/
1606865350231284,And there is ZESCO.. they wouldn't would they,2026-04-03T00:22:19.6363127Z,https://www.facebook.com/100064549037984/posts/932739655554327/
1623586768508485,Ba ZESCO bapumbu very inconsistent and always giving their clients unreliable schedules and hopeless hopes.,2026-04-03T00:22:19.6363127Z,https://www.facebook.com/100064549037984/posts/932739655554327/
1677776876335529,Full of stories they can never be trusted,2026-04-03T00:22:19.6363127Z,https://www.facebook.com/100064549037984/posts/932739655554327/
2321366891554314,"They played on our minds, squeezed us that we couldn't stock any perishables in our fridges that are constantly off. We've had to throw out food because it went bad and now we buy food on a daily basis when we can afford but most times resort to eating eggs. They know we have no choice and that we shall jump at any suggested idea of an extension of the supply. All I can say is that Zesco siajailika.",2026-04-03T00:22:19.6363127Z,https://www.facebook.com/100064549037984/posts/932739655554327/
2503322006508250,Kane WhomJesusloves Mwila The Entrepreneur read before commenting,2026-04-03T00:22:19.6050636Z,https://www.facebook.com/100064549037984/posts/932739655554327/
2503322006508250,"So is it now raining in Kariba ? In Eph 6:12 scripture it says: for our struggles are not against flesh and blood but against rulers,against authorities,against the powers of this dark world and against the spiritual forces in the Heavenly realms. The oppressors will not go unpunished. We really need to pray all the time🙏🙏🙏",2026-04-03T00:22:19.5894349Z,https://www.facebook.com/100064549037984/posts/932739655554327/
2705635089610293,"Where people have no option we just have to accept after hammering us with no power for two to three days they should do what pleases them but again importing even from Zimbabwe?,are we not suffering the same drought effect?.🤔",2026-04-03T00:22:19.6363127Z,https://www.facebook.com/100064549037984/posts/932739655554327/
3040473262759660,"Can't trust anything ZESCO says at this point. Iyo ""stable supply in October"" they promised has failed, now they want to promise 7 hours?! It simply can't!",2026-04-03T00:22:19.6206903Z,https://www.facebook.com/100064549037984/posts/932739655554327/
3516227125345967,"Blerq Alive nothing long with the term I used ""we"" i and the people under me are okay",2026-04-03T00:22:19.6363127Z,https://www.facebook.com/100064549037984/posts/932739655554327/
3516227125345967,Blerq Alive there's no longer load shedding in SA they are even producing excess power.You are correct more imports means more money to be spent by ZESCO,2026-04-03T00:22:19.6363127Z,https://www.facebook.com/100064549037984/posts/932739655554327/
3516227125345967,"Joseph Mulambe Next time be sure to indicate that by using the ""We"" you mean you and your family. Zambians want reduced load shedding, guaranteed supply, therefore more importation of power means more money, which simply means adjusted tariffs. Zambians will be smiling, the rest can go to South Africa to continue enjoying 3 days of load shedding",2026-04-03T00:22:19.6363127Z,https://www.facebook.com/100064549037984/posts/932739655554327/
3516227125345967,We are okay it's fine they can't fool us anymore,2026-04-03T00:22:19.6206903Z,https://www.facebook.com/100064549037984/posts/932739655554327/
358647230571823,Each time we have power crisis the'll always be tariff adjustment now my question is where does zesco take all of their profits?,2026-04-03T00:22:19.6206903Z,https://www.facebook.com/100064549037984/posts/932739655554327/
363931206800198,"Iyo ni none starter ba Zesco,,if you have failed to run this institution sell it..you can't subject ordinary Zambian to this hardships in the name of raising revenue at the expense of Zambians,just take a pay cut from your hefty salaries..rubbish",2026-04-03T00:22:19.6206903Z,https://www.facebook.com/100064549037984/posts/932739655554327/
3682038572107826,"How can a tariff increase lead to positive outcomes if electricity sales are still expected to be very low? Given ZESCO's history of being deceptive, what reason do people have to trust them now?",2026-04-03T00:22:19.6206903Z,https://www.facebook.com/100064549037984/posts/932739655554327/
3703557569896364,It's now like they are now holding the country at ransom. Busy lying and giving us hope about stability of power in October which is still a mess same 3 hrs of power. I don't think even when they get the increment things will change..,2026-04-03T00:22:19.6050636Z,https://www.facebook.com/100064549037984/posts/932739655554327/
3949184055404678,Fuya Chichi you. The people. It is your constitutional right.,2026-04-03T00:22:19.6050636Z,https://www.facebook.com/100064549037984/posts/932739655554327/
3949184055404678,"Who will hold them accountable to this 7hrs in Zambia lies are part of life after Increasing tarrif people will change their statement,we never meant 7hrs 😢",2026-04-03T00:22:19.6050636Z,https://www.facebook.com/100064549037984/posts/932739655554327/
3953821394850386,"Inconsistencies,last week they said 3 hours stable of power and today 7 hours and in our area we had power from Friday UpTo Monday",2026-04-03T00:22:19.6363127Z,https://www.facebook.com/100064549037984/posts/932739655554327/
417068794456448,We want 24hrs if they can assure us that then let them go ahead,2026-04-03T00:22:19.5894349Z,https://www.facebook.com/100064549037984/posts/932739655554327/
423577744177785,"Once zesco increases electricity tariffs everything that is produced using electricity will go high,including bread which was at K9 now k25 People on Facebook understand the situation but people underground they don’t understand the only job they understand it’s how to vote in and out when food, electricity and fuel are increased",2026-04-03T00:22:19.5894349Z,https://www.facebook.com/100064549037984/posts/932739655554327/
423577744177785,Ziwa Geoffrey Chisanga production costs are higher now that there is less power being provided as producers use DGs which are expensive to run. Your analysis is somehow flawed.,2026-04-03T00:22:19.6050636Z,https://www.facebook.com/100064549037984/posts/932739655554327/
423577744177785,"Ziwa Geoffrey Chisanga true boss you're right, but that's better than darkness alot of companies are closing people are losing jobs because of darkness so it's better to increase.",2026-04-03T00:22:19.6050636Z,https://www.facebook.com/100064549037984/posts/932739655554327/
423577744177785,Ziwa Geoffrey Chisanga where do you buy bread for k9? The cheapest is k15 ShopRite bread.,2026-04-03T00:22:19.6050636Z,https://www.facebook.com/100064549037984/posts/932739655554327/
423577744177785,Ziwa Geoffrey Chisanga Your Economics is worrying. Companies cannot employ more people because production is low. Increase in Zesco will mean more importation of power. That will mean stable power for mines. That will mean stable FOREX due to more exports. That will mean more money economic activities. That will mean more money to buy the foods. That will mean growing of the economy. That will mean less scarcity of the currency.,2026-04-03T00:22:19.6050636Z,https://www.facebook.com/100064549037984/posts/932739655554327/
439922411970143,Let them approve better to have power then never,2026-04-03T00:22:19.6206903Z,https://www.facebook.com/100064549037984/posts/932739655554327/
465078719886049,Expensive electricity is better than no electricity.,2026-04-03T00:22:19.6363127Z,https://www.facebook.com/100064549037984/posts/932739655554327/
476040295421654,"Apa we almost there until the rainy season we have endured enough, we have come a long way. So we are good with the current situation",2026-04-03T00:22:19.6050636Z,https://www.facebook.com/100064549037984/posts/932739655554327/
476040295421654,Koji Chinyama The rivers/lakes will only be sufficiently full next year bwana.,2026-04-03T00:22:19.6050636Z,https://www.facebook.com/100064549037984/posts/932739655554327/
476040295421654,"Koji Chinyama yaba, always research. Do you know that the current water levels have never been recorded before? That means, we will need 3 years of constant heavy rains to stabilise, when was the last time you experienced such drought? Think. Businesses are suffering, employments are at stake, iwe ati we are okay with current situation, are you okay.",2026-04-03T00:22:19.6050636Z,https://www.facebook.com/100064549037984/posts/932739655554327/
488562487506919,"Even if they were to approve ZESCO,'s application for emergency electricity Tariff adjustments. ZESCO can not be trusted, they don't know what they're doing. After all their electricity supply schedules have never been consistent. They just do what comes in their Bongo bongo. Tababomba nge fyo balaanda since Loadshading started. They can't be trusted.",2026-04-03T00:22:19.6050636Z,https://www.facebook.com/100064549037984/posts/932739655554327/
500689106269124,Are they going to reduce when the pawa becomes stable,2026-04-03T00:22:19.6050636Z,https://www.facebook.com/100064549037984/posts/932739655554327/
500689106269124,Blerq Alive it is a very gud idea .,2026-04-03T00:22:19.6206903Z,https://www.facebook.com/100064549037984/posts/932739655554327/
500689106269124,Bwalya M Malama I wonder too.,2026-04-03T00:22:19.6206903Z,https://www.facebook.com/100064549037984/posts/932739655554327/
500689106269124,"Kolinto Daniel Of Course, 7 hours from 3 Hours Is Simply a Reduction of Shedding. Simple maths.",2026-04-03T00:22:19.6206903Z,https://www.facebook.com/100064549037984/posts/932739655554327/
500689106269124,"Kolinto DanielKolinto Daniel They said only for 3 months but I doubt these guys. Once they increase, they don't reduce",2026-04-03T00:22:19.6206903Z,https://www.facebook.com/100064549037984/posts/932739655554327/
500689106269124,"Zambian Advocate blog Iwe icisungu teti kalalipila ,You are a Zambian and definitely you must understand how we Zambians operates.",2026-04-03T00:22:19.6206903Z,https://www.facebook.com/100064549037984/posts/932739655554327/
504705339067612,So how does the mentioned countries manage to produce so much that they can export to us?,2026-04-03T00:22:19.6050636Z,https://www.facebook.com/100064549037984/posts/932739655554327/
505069095752494,Rhodah Kanjig'a Kanyanda so what's better expensive power or no power at all?,2026-04-03T00:22:19.6206903Z,https://www.facebook.com/100064549037984/posts/932739655554327/
505069095752494,"Rhodah Kanjig'a Kanyanda yes they will manage, small businesses are not running because they don't have power if those small business managed by the majority start running they will just have to increase prices aswell. Expensive power is way better than no power at all.",2026-04-03T00:22:19.6206903Z,https://www.facebook.com/100064549037984/posts/932739655554327/
505069095752494,Silas Simwanza just as you have asked me let me also ask. Will the majority manage the new tariffs?,2026-04-03T00:22:19.6206903Z,https://www.facebook.com/100064549037984/posts/932739655554327/
505069095752494,The reason ERB is refusing it's because it will be very expensive for the citizens.,2026-04-03T00:22:19.6050636Z,https://www.facebook.com/100064549037984/posts/932739655554327/
510413878450166,By saying this it means that it has never been a Kariba issue LoL,2026-04-03T00:22:19.6050636Z,https://www.facebook.com/100064549037984/posts/932739655554327/
510413878450166,"Ndenge Eliam Nguni but they have told you they will import and you will only have 7 hours of power instead of 24 hours. If it was not Kariba dam issue, why are they only offering 7 hours of power after the increase in tarrif?",2026-04-03T00:22:19.6050636Z,https://www.facebook.com/100064549037984/posts/932739655554327/
510413878450166,Ndenge Eliam Nguni exactly 💯,2026-04-03T00:22:19.6050636Z,https://www.facebook.com/100064549037984/posts/932739655554327/
510413878450166,Ndenge Eliam Nguni sir if they increase tariffs it means the money raised from increased tariffs will be used to import power it doesn't change the fact that Kariba is low on water.,2026-04-03T00:22:19.6050636Z,https://www.facebook.com/100064549037984/posts/932739655554327/
510413878450166,Silas Simwanza Gents I believe you don't get my comment at all... Don't forget that according to their proposal this increment will just be for commercial users mostly not residential...,2026-04-03T00:22:19.6050636Z,https://www.facebook.com/100064549037984/posts/932739655554327/
510413878450166,Simwanza Collins well my brother! Get in touch with them to have full details,2026-04-03T00:22:19.6050636Z,https://www.facebook.com/100064549037984/posts/932739655554327/
521255710525626,ZESCO can never be trusted.Just recently they assured us of three stable hours of power but they are failing to give us.,2026-04-03T00:22:19.6363127Z,https://www.facebook.com/100064549037984/posts/932739655554327/
526672463414964,"All along how much has zesco been raising? they never thought of plan b incase of such a situation,the guys are just not been innovative enough ,they are just good in increasing the tariffs and increase their salaries. The rain season is just around the corner that $15million per month is too much to give someone else, they can just start thinking of building another hydro power station from the Victoria falls to stabilize the situation.",2026-04-03T00:22:19.6050636Z,https://www.facebook.com/100064549037984/posts/932739655554327/
535131215785325,The problem will be to get back to old price once the increment is effected,2026-04-03T00:22:19.6363127Z,https://www.facebook.com/100064549037984/posts/932739655554327/
558400076626359,"There's absolutely no guarantee, we know zesco better now.",2026-04-03T00:22:19.6050636Z,https://www.facebook.com/100064549037984/posts/932739655554327/
559852846528245,"During PF we experienced the same situation, they didn't increase the tariffs they imported, until the situation stabilized manje these guys ati increase?",2026-04-03T00:22:19.5894349Z,https://www.facebook.com/100064549037984/posts/932739655554327/
560666139855922,"We don’t trust these guys, apo 3hrs ileshupa what more 7hrs?",2026-04-03T00:22:19.5894349Z,https://www.facebook.com/100064549037984/posts/932739655554327/
575839568452488,"Iyikona... Booza, wenye, ulabeja they have just gone out of business because of loadshading, so now they want to make capital out of us. Let them increase tariffs in the mine's not residential",2026-04-03T00:22:19.6206903Z,https://www.facebook.com/100064549037984/posts/932739655554327/
733726148927888,Problem is zesco isn't honest so kaya. Because that move was supposed to be done earlier. But they told us we needed to sacrifice less hours so that our October n December isn't bad but from April things are getting worse,2026-04-03T00:22:19.6363127Z,https://www.facebook.com/100064549037984/posts/932739655554327/
8320231461379490,Zimbabwe how come wen we share same kariba?kkkk,2026-04-03T00:22:19.6206903Z,https://www.facebook.com/100064549037984/posts/932739655554327/
835621588743787,It's better to have expensive power than nothing at all.,2026-04-03T00:22:19.6363127Z,https://www.facebook.com/100064549037984/posts/932739655554327/
841247201512880,"Let them give us power that's when we will allow them to increase ,they gave free monies to maamba quarries they think we are happy ?",2026-04-03T00:22:19.6206903Z,https://www.facebook.com/100064549037984/posts/932739655554327/
8469848786462085,Let us just wait for the rains it doesn't make sense 🤔😂,2026-04-03T00:22:19.6363127Z,https://www.facebook.com/100064549037984/posts/932739655554327/
8469848786462085,Micheal Handyabantu we already in October soon it will be November. We have endured enough already 😂,2026-04-03T00:22:19.6363127Z,https://www.facebook.com/100064549037984/posts/932739655554327/
8469848786462085,Solomon Ndhlovu yes rainy season I around the corner otherwise they will not reduce once they increase,2026-04-03T00:22:19.6363127Z,https://www.facebook.com/100064549037984/posts/932739655554327/
855296223407315,Blerq alive are those people staying without electricity from 05:00hrs to 23:00hrs are animals?,2026-04-03T00:22:19.6206903Z,https://www.facebook.com/100064549037984/posts/932739655554327/
855296223407315,Blerq Alive there is no loadshedding in south Africa for the past 6 months,2026-04-03T00:22:19.6363127Z,https://www.facebook.com/100064549037984/posts/932739655554327/
855296223407315,How do they apply for emergency electricity tariff when people dont have electricity. We share the same water with zimbabwe but never heard them blaming climate change. May its segregates?,2026-04-03T00:22:19.6050636Z,https://www.facebook.com/100064549037984/posts/932739655554327/
855296223407315,Silas simwanza dont just be a praise singer get my question right. Have heare zimbabwe blaming climate change of the former admistration? They are working on the solutions. Then how many times has you failed president & his team been blaming pf.climate change & ukrain russia war?,2026-04-03T00:22:19.6363127Z,https://www.facebook.com/100064549037984/posts/932739655554327/
855296223407315,"Thomas Musukwa maybe because you don't read the news in Zimbabwe, Zimbabwe even stopped using the Kariba before we started having loadshedding somewhere in May or April they started having 18hrs of loadshedding",2026-04-03T00:22:19.6363127Z,https://www.facebook.com/100064549037984/posts/932739655554327/
855296223407315,Thomas Musukwa Which people specifically don't have electricity? You are lying. Go to Zimbabwe and see the sorry situation. Worse to South Africa who is supplying us power. See what is happening there.,2026-04-03T00:22:19.6206903Z,https://www.facebook.com/100064549037984/posts/932739655554327/
857649736480368,This is for lusaka and copperbelt I guess and maybe other towns.,2026-04-03T00:22:19.6206903Z,https://www.facebook.com/100064549037984/posts/932739655554327/
861563656084460,Cost of production will go higher than now... Expect ripple effect,2026-04-03T00:22:19.6363127Z,https://www.facebook.com/100064549037984/posts/932739655554327/
8629391947118741,"It's a trap they just want to increase tarrifs chabe, if we accept this there is no turning back",2026-04-03T00:22:19.6363127Z,https://www.facebook.com/100064549037984/posts/932739655554327/
8644934755529697,A government with brain can't allow this adjustments. Let me encourage the government we know that running the country it's not easy but we know that you have a deal with the European countries that's why the life of a Zambian is hard but we are asking you to remove tax holiday in mining industry then things will be ok and you will stop all this useless idea of punishing Zambian,2026-04-03T00:22:19.6206903Z,https://www.facebook.com/100064549037984/posts/932739655554327/
872791324990384,Can erb grant zesco to addjust power upwards please and let zesco commit providing power for 7 hours it will save a lot of business,2026-04-03T00:22:19.6206903Z,https://www.facebook.com/100064549037984/posts/932739655554327/
880378177087972,"Very soon they will start visiting homes asking them to connect their tentacles, the case of dstv. Otherwise people have been held at ransom for too long and they are slowly switching to other alternative energy solutions.",2026-04-03T00:22:19.6363127Z,https://www.facebook.com/100064549037984/posts/932739655554327/
892827202772601,Let's them import more power... to benefit almost every Zambian,2026-04-03T00:22:19.6206903Z,https://www.facebook.com/100064549037984/posts/932739655554327/
896569115234745,Bally Kanyelele the minister said report when power is not being there as required.,2026-04-03T00:22:19.6206903Z,https://www.facebook.com/100064549037984/posts/932739655554327/
896569115234745,"Bally Kanyelele You are a Very big liar. Learn to research before exposing ignorance in public. 1. Electrical Load Management. 2. Electrical Load Shedding. 3. Electrical Fault. 4. Electrical Network Maintenance. You have been given topics to research above, go and panel beat your mindset to add value to the nation, not this loss you are exposing.",2026-04-03T00:22:19.6206903Z,https://www.facebook.com/100064549037984/posts/932739655554327/
896569115234745,"That Simply Means, you will import more. The Businesses Will Stabilise In Terms of Energy Supply. The MD was on point to indicate that it' temporarily, just to sort out this mess in the period being. The tariffs were supposed to be adjusted earlier, so as to allow the company to invest more in energy mix. We would have been better. But thanks to these solutions.",2026-04-03T00:22:19.6206903Z,https://www.facebook.com/100064549037984/posts/932739655554327/
918898263438309,Let them increase. We need power.,2026-04-03T00:22:19.6363127Z,https://www.facebook.com/100064549037984/posts/932739655554327/
919455040027133,"Those complaining, why not apply to zesco to disconnect you so that you buy solar, instead of just complaining without actions.",2026-04-03T00:22:19.6206903Z,https://www.facebook.com/100064549037984/posts/932739655554327/
922810899903689,Maintain 3 hrs of load shading at my place l ll continue with the current tariffs,2026-04-03T00:22:19.6206903Z,https://www.facebook.com/100064549037984/posts/932739655554327/
