comment_id,text,timestamp,source_url,text_raw,text_clean,word_count,english_word_count,has_english_word,is_strict_english,emoji_removed_text,tokens,tokens_no_stopwords,tokens_lemmatized,processed_text,is_relevant,relevance_score,relevance_reason,relevance_terms,is_sarcastic,raw_compound,raw_label,compound,pos,neu,neg,label,corrected_compound,corrected_label,local_correction_applied,local_correction_score,local_correction_terms,nrc_token_count,nrc_matched_token_count,nrc_base_anger,nrc_base_anticipation,nrc_base_fear,nrc_base_trust,nrc_base_sadness,nrc_base_hope,nrc_base_frustration,local_emotion_applied,local_emotion_terms,local_emotion_match_count,local_anger_score,local_fear_score,local_trust_score,local_hope_score,local_sadness_score,local_frustration_score,nrc_anger,nrc_anticipation,nrc_fear,nrc_trust,nrc_sadness,nrc_hope,nrc_frustration,naive_bayes_prediction,logistic_regression_prediction,svm_prediction,analysis_batch_id,analysis_timestamp
1083999720156705,You're now taking Zambians for granted.,2025-09-12T05:55:11.000Z,https://www.facebook.com/100068447443740/posts/1098187275806177/,You're now taking Zambians for granted.,you re now taking zambians for granted,7,,,,you re now taking zambians for granted,"['you', 're', 'now', 'taking', 'zambians', 'for', 'granted']","['re', 'now', 'taking', 'zambians', 'granted']","['re', 'now', 'taking', 'zambians', 'granted']",re now taking zambians granted,False,0,no_energy_or_zesco_terms,,False,0.25,positive,-0.55,0.286,0.714,0.0,negative,-0.55,negative,True,-0.8,taking zambians for granted,6,1,0.0,0.0,0.0,0.0,0.0,0.0,0.0,False,,0,0.0,0.0,0.0,0.0,0.0,0.0,0.0,0.0,0.0,0.0,0.0,0.0,0.0,negative,negative,negative,20260809T003445Z-0a377717ae25,2026-08-09T00:34:46.462130+00:00
2084093975451888,So the increment will increase the level of water in the dam?,2025-09-12T08:08:27.000Z,https://www.facebook.com/100068447443740/posts/1098187275806177/,So the increment will increase the level of water in the dam?,so the increment will increase the level of water in the dam,12,,,,so the increment will increase the level of water in the dam,"['so', 'the', 'increment', 'will', 'increase', 'the', 'level', 'of', 'water', 'in', 'the', 'dam']","['increment', 'increase', 'level', 'water', 'dam']","['increment', 'increase', 'level', 'water', 'dam']",increment increase level water dam,False,0,no_energy_or_zesco_terms,,True,0.3182,positive,0.3182,0.173,0.827,0.0,negative,0.3182,negative,False,0.0,,12,2,0.0,0.0,0.0,0.0833333333333333,0.0,0.0,0.0,False,,0,0.0,0.0,0.0,0.0,0.0,0.0,0.0,0.0,0.0,0.0833333333333333,0.0,0.0,0.0,positive,positive,positive,20260809T003445Z-0a377717ae25,2026-08-09T00:34:46.462130+00:00
1497036951331203,Do it quickly and increase at least by 50% we are entering an election period and we need such data to help us make an informed decision,2025-09-12T05:53:47.000Z,https://www.facebook.com/100068447443740/posts/1098187275806177/,Do it quickly and increase at least by 50% we are entering an election period and we need such data to help us make an informed decision,do it quickly and increase at least by 50 we are entering an election period and we need such data to help us make an informed decision,27,,,,do it quickly and increase at least by 50 we are entering an election period and we need such data to help us make an informed decision,"['do', 'it', 'quickly', 'and', 'increase', 'at', 'least', 'by', '50', 'we', 'are', 'entering', 'an', 'election', 'period', 'and', 'we', 'need', 'such', 'data', 'to', 'help', 'us', 'make', 'an', 'informed', 'decision']","['quickly', 'increase', 'least', '50', 'entering', 'election', 'period', 'need', 'such', 'data', 'help', 'us', 'make', 'informed', 'decision']","['quickly', 'increase', 'least', '50', 'entering', 'election', 'period', 'need', 'such', 'data', 'help', 'us', 'make', 'informed', 'decision']",quickly increase least 50 entering election period need such data help us make informed decision,False,0,no_energy_or_zesco_terms,,True,0.6124,positive,0.6124,0.167,0.833,0.0,negative,0.6124,negative,False,0.0,,27,1,0.0,0.0,0.0,0.0,0.0,0.0,0.0,False,,0,0.0,0.0,0.0,0.0,0.0,0.0,0.0,0.0,0.0,0.0,0.0,0.0,0.0,positive,positive,positive,20260809T003445Z-0a377717ae25,2026-08-09T00:34:46.462130+00:00
2061777927912864,Weren't the current tariffs increased because of the same reason? They think we have pea-sized memories ai?,2025-09-12T06:18:07.000Z,https://www.facebook.com/100068447443740/posts/1098187275806177/,Weren't the current tariffs increased because of the same reason? They think we have pea-sized memories ai?,weren t the current tariffs increased because of the same reason they think we have pea sized memories ai,19,,,,weren t the current tariffs increased because of the same reason they think we have pea sized memories ai,"['weren', 't', 'the', 'current', 'tariffs', 'increased', 'because', 'of', 'the', 'same', 'reason', 'they', 'think', 'we', 'have', 'pea', 'sized', 'memories', 'ai']","['weren', 't', 'current', 'tariffs', 'increased', 'because', 'same', 'reason', 'think', 'pea', 'sized', 'memories', 'ai']","['weren', 't', 'current', 'tariffs', 'increased', 'because', 'same', 'reason', 'think', 'pea', 'sized', 'memories', 'ai']",weren t current tariffs increased because same reason think pea sized memories ai,False,0,no_energy_or_zesco_terms,,True,0.3527,positive,-0.4473,0.133,0.867,0.0,negative,-0.4473,negative,True,-0.8,pea sized memories,18,1,0.0,0.0,0.0,0.0,0.0,0.0,0.0,False,,0,0.0,0.0,0.0,0.0,0.0,0.0,0.0,0.0,0.0,0.0,0.0,0.0,0.0,negative,neutral,negative,20260809T003445Z-0a377717ae25,2026-08-09T00:34:46.462130+00:00
1122223516042970,"In Psquare's voice, ""these are temptations with a little confusion, oh oh oh oh...""",2025-09-12T06:28:16.000Z,https://www.facebook.com/100068447443740/posts/1098187275806177/,"In Psquare's voice, ""these are temptations with a little confusion, oh oh oh oh...""",in psquare s voice these are temptations with a little confusion oh oh oh oh,15,,,,in psquare s voice these are temptations with a little confusion oh oh oh oh,"['in', 'psquare', 's', 'voice', 'these', 'are', 'temptations', 'with', 'a', 'little', 'confusion', 'oh', 'oh', 'oh', 'oh']","['psquare', 's', 'voice', 'temptations', 'little', 'confusion', 'oh', 'oh', 'oh', 'oh']","['psquare', 's', 'voice', 'temptations', 'little', 'confusion', 'oh', 'oh', 'oh', 'oh']",psquare s voice temptations little confusion oh oh oh oh,False,0,no_energy_or_zesco_terms,,False,-0.228,negative,-0.228,0.0,0.863,0.137,negative,-0.228,negative,False,0.0,,14,1,0.0714285714285714,0.0,0.0714285714285714,0.0,0.0,0.0,0.0357142857142857,False,,0,0.0,0.0,0.0,0.0,0.0,0.0,0.0714285714285714,0.0,0.0714285714285714,0.0,0.0,0.0,0.0357142857142857,neutral,neutral,neutral,20260809T003445Z-0a377717ae25,2026-08-09T00:34:46.462130+00:00
1109294897534872,The same electricity we rarely have 🤔,2025-09-12T07:57:39.000Z,https://www.facebook.com/100068447443740/posts/1098187275806177/,The same electricity we rarely have 🤔,the same electricity we rarely have 🤔,6,,,,the same electricity we rarely have,"['the', 'same', 'electricity', 'we', 'rarely', 'have']","['same', 'electricity', 'rarely']","['same', 'electricity', 'rarely']",same electricity rarely,True,3,matched_energy_terms,electricity,False,0.0,neutral,-0.7,0.0,1.0,0.0,negative,-0.7,negative,True,-0.7,rarely have,6,1,0.0,0.0,0.0,0.0,0.0,0.0,0.0,False,,0,0.0,0.0,0.0,0.0,0.0,0.0,0.0,0.0,0.0,0.0,0.0,0.0,0.0,positive,neutral,neutral,20260809T003445Z-0a377717ae25,2026-08-09T00:34:46.462130+00:00
787782870329527,The same power that we can't see? Tekutwangasha uku nomba?,2025-09-12T07:26:25.000Z,https://www.facebook.com/100068447443740/posts/1098187275806177/,The same power that we can't see? Tekutwangasha uku nomba?,the same power that we can t see tekutwangasha uku nomba,11,,,,the same power that we can t see tekutwangasha uku nomba,"['the', 'same', 'power', 'that', 'we', 'can', 't', 'see', 'tekutwangasha', 'uku', 'nomba']","['same', 'power', 't', 'see', 'tekutwangasha', 'uku', 'nomba']","['same', 'power', 't', 'see', 'tekutwangasha', 'uku', 'nomba']",same power t see tekutwangasha uku nomba,True,3,matched_energy_terms,power,True,0.0,neutral,-0.7,0.0,1.0,0.0,negative,-0.7,negative,True,-0.7,can't see,10,0,0.0,0.0,0.0,0.0,0.0,0.0,0.0,False,,0,0.0,0.0,0.0,0.0,0.0,0.0,0.0,0.0,0.0,0.0,0.0,0.0,0.0,negative,neutral,neutral,20260809T003445Z-0a377717ae25,2026-08-09T00:34:46.462130+00:00
24988352280782987,"Even if they increase , as if theirs Power , ifya Bupuba fye 🚶🚶🔥🔥",2025-09-12T06:24:20.000Z,https://www.facebook.com/100068447443740/posts/1098187275806177/,"Even if they increase , as if theirs Power , ifya Bupuba fye 🚶🚶🔥🔥",even if they increase as if theirs power ifya bupuba fye 🚶🚶🔥🔥,11,,,,even if they increase as if theirs power ifya bupuba fye,"['even', 'if', 'they', 'increase', 'as', 'if', 'theirs', 'power', 'ifya', 'bupuba', 'fye']","['even', 'increase', 'theirs', 'power', 'ifya', 'bupuba', 'fye']","['even', 'increase', 'theirs', 'power', 'ifya', 'bupuba', 'fye']",even increase theirs power ifya bupuba fye,True,3,matched_energy_terms,power,True,0.3182,positive,-1.0,0.173,0.827,0.0,negative,-1.0,negative,True,-1.0,ifya bupuba fye,11,1,0.0,0.0,0.0,0.0,0.0,0.0,0.0,True,fye,1,0.0,0.0,0.0,0.0,0.0,0.1,0.0,0.0,0.0,0.0,0.0,0.0,0.1,negative,negative,negative,20260809T003445Z-0a377717ae25,2026-08-09T00:34:46.462130+00:00
751790887852813,Increasing in order to reduce load shedding through self reliance 😅😅😅😅,2025-09-12T05:57:09.000Z,https://www.facebook.com/100068447443740/posts/1098187275806177/,Increasing in order to reduce load shedding through self reliance 😅😅😅😅,increasing in order to reduce load shedding through self reliance 😅😅😅😅,10,,,,increasing in order to reduce load shedding through self reliance,"['increasing', 'in', 'order', 'to', 'reduce', 'load', 'shedding', 'through', 'self', 'reliance']","['increasing', 'order', 'reduce', 'load', 'shedding', 'through', 'self', 'reliance']","['increasing', 'order', 'reduce', 'load', 'shedding', 'through', 'self', 'reliance']",increasing order reduce load shedding through self reliance,True,4,matched_energy_terms,load shedding,True,0.0,neutral,0.0,0.0,1.0,0.0,negative,0.0,negative,False,0.0,,10,1,0.0,0.0,0.0,0.1,0.0,0.0,0.0,False,,0,0.0,0.0,0.0,0.0,0.0,0.0,0.0,0.0,0.0,0.1,0.0,0.0,0.0,neutral,neutral,neutral,20260809T003445Z-0a377717ae25,2026-08-09T00:34:46.462130+00:00
1405717930500375,"Iyee sure....salt to be added to injury, why not increase to the ones sold to other countries mwebantu? Iyeee awe sure.",2025-09-12T06:38:19.000Z,https://www.facebook.com/100068447443740/posts/1098187275806177/,"Iyee sure....salt to be added to injury, why not increase to the ones sold to other countries mwebantu? Iyeee awe sure.",iyee sure salt to be added to injury why not increase to the ones sold to other countries mwebantu iyeee awe sure,22,,,,iyee sure salt to be added to injury why not increase to the ones sold to other countries mwebantu iyeee awe sure,"['iyee', 'sure', 'salt', 'to', 'be', 'added', 'to', 'injury', 'why', 'not', 'increase', 'to', 'the', 'ones', 'sold', 'to', 'other', 'countries', 'mwebantu', 'iyeee', 'awe', 'sure']","['iyee', 'sure', 'salt', 'added', 'injury', 'increase', 'ones', 'sold', 'other', 'countries', 'mwebantu', 'iyeee', 'awe', 'sure']","['iyee', 'sure', 'salt', 'added', 'injury', 'increase', 'ones', 'sold', 'other', 'countries', 'mwebantu', 'iyeee', 'awe', 'sure']",iyee sure salt added injury increase ones sold other countries mwebantu iyeee awe sure,False,0,no_energy_or_zesco_terms,,False,-0.3532,negative,-1.0,0.092,0.718,0.19,negative,-1.0,negative,True,-0.7,awe,22,2,0.0454545454545454,0.0,0.0454545454545454,0.0,0.0454545454545454,0.0,0.0454545454545454,True,mwebantu,1,0.1,0.0,0.0,0.0,0.1,0.2,0.1454545454545454,0.0,0.0454545454545454,0.0,0.1454545454545454,0.0,0.2454545454545454,negative,negative,negative,20260809T003445Z-0a377717ae25,2026-08-09T00:34:46.462130+00:00
1667402184646993,Which consumer? Zambians or Namibians?,2025-09-12T06:49:37.000Z,https://www.facebook.com/100068447443740/posts/1098187275806177/,Which consumer? Zambians or Namibians?,which consumer zambians or namibians,5,,,,which consumer zambians or namibians,"['which', 'consumer', 'zambians', 'or', 'namibians']","['consumer', 'zambians', 'namibians']","['consumer', 'zambians', 'namibians']",consumer zambians namibians,False,0,no_energy_or_zesco_terms,,True,0.0,neutral,0.0,0.0,1.0,0.0,negative,0.0,negative,False,0.0,,5,0,0.0,0.0,0.0,0.0,0.0,0.0,0.0,False,,0,0.0,0.0,0.0,0.0,0.0,0.0,0.0,0.0,0.0,0.0,0.0,0.0,0.0,positive,positive,neutral,20260809T003445Z-0a377717ae25,2026-08-09T00:34:46.462130+00:00
1453576375766965,Anyone who calls themselves engineer chani chani they usually don't know wat there doing 🏃🏃,2025-09-12T06:59:09.000Z,https://www.facebook.com/100068447443740/posts/1098187275806177/,Anyone who calls themselves engineer chani chani they usually don't know wat there doing 🏃🏃,anyone who calls themselves engineer chani chani they usually don t know wat there doing 🏃🏃,15,,,,anyone who calls themselves engineer chani chani they usually don t know wat there doing,"['anyone', 'who', 'calls', 'themselves', 'engineer', 'chani', 'chani', 'they', 'usually', 'don', 't', 'know', 'wat', 'there', 'doing']","['anyone', 'calls', 'themselves', 'engineer', 'chani', 'chani', 'usually', 'don', 't', 'know', 'wat', 'doing']","['anyone', 'calls', 'themselves', 'engineer', 'chani', 'chani', 'usually', 'don', 't', 'know', 'wat', 'doing']",anyone calls themselves engineer chani chani usually don t know wat doing,False,0,no_energy_or_zesco_terms,,False,0.0,neutral,-0.8,0.0,1.0,0.0,negative,-0.8,negative,True,-0.8,don't know wat there doing,14,1,0.0,0.0714285714285714,0.0,0.0714285714285714,0.0,0.0714285714285714,0.0,False,,0,0.0,0.0,0.0,0.0,0.0,0.0,0.0,0.0714285714285714,0.0,0.0714285714285714,0.0,0.0714285714285714,0.0,positive,positive,positive,20260809T003445Z-0a377717ae25,2026-08-09T00:34:46.462130+00:00
1338524981177352,Mboooo I would have said something now I don't have a loya🙊🙊🙊,2025-09-12T06:18:10.000Z,https://www.facebook.com/100068447443740/posts/1098187275806177/,Mboooo I would have said something now I don't have a loya🙊🙊🙊,mboooo i would have said something now i don t have a loya🙊🙊🙊,13,,,,mboooo i would have said something now i don t have a loya,"['mboooo', 'i', 'would', 'have', 'said', 'something', 'now', 'i', 'don', 't', 'have', 'a', 'loya']","['mboooo', 'would', 'said', 'something', 'now', 'don', 't', 'loya']","['mboooo', 'would', 'said', 'something', 'now', 'don', 't', 'loya']",mboooo would said something now don t loya,False,1,no_energy_or_zesco_terms,said,False,0.0,neutral,-0.7,0.0,1.0,0.0,negative,-0.7,negative,True,-0.7,don't have a loya,12,0,0.0,0.0,0.0,0.0,0.0,0.0,0.0,False,,0,0.0,0.0,0.0,0.0,0.0,0.0,0.0,0.0,0.0,0.0,0.0,0.0,0.0,negative,neutral,positive,20260809T003445Z-0a377717ae25,2026-08-09T00:34:46.462130+00:00
1096945595951305,With what power supply? The same one for 2hours per day? Jokers 🚮🚮,2025-09-12T06:23:50.000Z,https://www.facebook.com/100068447443740/posts/1098187275806177/,With what power supply? The same one for 2hours per day? Jokers 🚮🚮,with what power supply the same one for 2hours per day jokers 🚮🚮,12,,,,with what power supply the same one for 2hours per day jokers,"['with', 'what', 'power', 'supply', 'the', 'same', 'one', 'for', '2hours', 'per', 'day', 'jokers']","['power', 'supply', 'same', '2hours', 'per', 'day', 'jokers']","['power', 'supply', 'same', '2hours', 'per', 'day', 'jokers']",power supply same 2hours per day jokers,True,10,matched_energy_terms,"power,power supply,supply",True,0.0,neutral,-0.8,0.0,1.0,0.0,negative,-0.8,negative,True,-0.8,jokers,12,1,0.0,0.0,0.0,0.0,0.0,0.0,0.0,False,,0,0.0,0.0,0.0,0.0,0.0,0.0,0.0,0.0,0.0,0.0,0.0,0.0,0.0,negative,neutral,neutral,20260809T003445Z-0a377717ae25,2026-08-09T00:34:46.462130+00:00
715727154821847,"Awe kwena namu tutola, last futi🤔 😢",2025-09-12T06:35:55.000Z,https://www.facebook.com/100068447443740/posts/1098187275806177/,"Awe kwena namu tutola, last futi🤔 😢",awe kwena namu tutola last futi🤔 😢,6,,,,awe kwena namu tutola last futi,"['awe', 'kwena', 'namu', 'tutola', 'last', 'futi']","['awe', 'kwena', 'namu', 'tutola', 'last', 'futi']","['awe', 'kwena', 'namu', 'tutola', 'last', 'futi']",awe kwena namu tutola last futi,False,0,no_energy_or_zesco_terms,,False,0.0,neutral,-0.7,0.0,1.0,0.0,negative,-0.7,negative,True,-0.7,awe,6,0,0.0,0.0,0.0,0.0,0.0,0.0,0.0,True,kwena,1,0.0,0.0,0.0,0.0,0.0,0.2,0.0,0.0,0.0,0.0,0.0,0.0,0.2,negative,negative,negative,20260809T003445Z-0a377717ae25,2026-08-09T00:34:46.462130+00:00
1312335830434972,as if he's the one who is buying for us power,2025-09-12T06:17:34.000Z,https://www.facebook.com/100068447443740/posts/1098187275806177/,as if he's the one who is buying for us power,as if he s the one who is buying for us power,12,,,,as if he s the one who is buying for us power,"['as', 'if', 'he', 's', 'the', 'one', 'who', 'is', 'buying', 'for', 'us', 'power']","['s', 'buying', 'us', 'power']","['s', 'buying', 'us', 'power']",s buying us power,True,3,matched_energy_terms,power,True,0.0,neutral,0.0,0.0,1.0,0.0,negative,0.0,negative,False,0.0,,11,0,0.0,0.0,0.0,0.0,0.0,0.0,0.0,False,,0,0.0,0.0,0.0,0.0,0.0,0.0,0.0,0.0,0.0,0.0,0.0,0.0,0.0,negative,negative,negative,20260809T003445Z-0a377717ae25,2026-08-09T00:34:46.462130+00:00
1162757665669081,The same power we’re exporting to Nambia and other neighboring countries?? 😂😂😂😂 kwena mulangala.,2025-09-12T06:50:05.000Z,https://www.facebook.com/100068447443740/posts/1098187275806177/,The same power we’re exporting to Nambia and other neighboring countries?? 😂😂😂😂 kwena mulangala.,the same power we’re exporting to nambia and other neighboring countries 😂😂😂😂 kwena mulangala,14,,,,the same power we’re exporting to nambia and other neighboring countries kwena mulangala,"['the', 'same', 'power', 'we', 're', 'exporting', 'to', 'nambia', 'and', 'other', 'neighboring', 'countries', 'kwena', 'mulangala']","['same', 'power', 're', 'exporting', 'nambia', 'other', 'neighboring', 'countries', 'kwena', 'mulangala']","['same', 'power', 're', 'exporting', 'nambia', 'other', 'neighboring', 'countries', 'kwena', 'mulangala']",same power re exporting nambia other neighboring countries kwena mulangala,True,3,matched_energy_terms,power,True,0.0,neutral,0.0,0.0,1.0,0.0,negative,0.0,negative,False,0.0,,14,0,0.0,0.0,0.0,0.0,0.0,0.0,0.0,True,kwena,1,0.0,0.0,0.0,0.0,0.0,0.2,0.0,0.0,0.0,0.0,0.0,0.0,0.2,negative,negative,negative,20260809T003445Z-0a377717ae25,2026-08-09T00:34:46.462130+00:00
703886269329758,The only thing we do is laugh now 😄 because what else can possibly surprise us,2025-09-12T08:50:34.000Z,https://www.facebook.com/100068447443740/posts/1098187275806177/,The only thing we do is laugh now 😄 because what else can possibly surprise us,the only thing we do is laugh now 😄 because what else can possibly surprise us,15,,,,the only thing we do is laugh now because what else can possibly surprise us,"['the', 'only', 'thing', 'we', 'do', 'is', 'laugh', 'now', 'because', 'what', 'else', 'can', 'possibly', 'surprise', 'us']","['only', 'thing', 'laugh', 'now', 'because', 'else', 'possibly', 'surprise', 'us']","['only', 'thing', 'laugh', 'now', 'because', 'else', 'possibly', 'surprise', 'us']",only thing laugh now because else possibly surprise us,False,0,no_energy_or_zesco_terms,,True,0.6908,positive,-0.2092,0.305,0.695,0.0,negative,-0.2092,negative,True,-0.9,what else can possibly surprise us,15,2,0.0,0.0,0.0666666666666666,0.0,0.0,0.0,0.0,False,,0,0.0,0.0,0.0,0.0,0.0,0.0,0.0,0.0,0.0666666666666666,0.0,0.0,0.0,0.0,negative,negative,negative,20260809T003445Z-0a377717ae25,2026-08-09T00:34:46.462130+00:00
1841672893415126,Which electricity ba ERB nabo. 🙄,2025-09-12T06:41:43.000Z,https://www.facebook.com/100068447443740/posts/1098187275806177/,Which electricity ba ERB nabo. 🙄,which electricity ba erb nabo 🙄,5,,,,which electricity ba erb nabo,"['which', 'electricity', 'ba', 'erb', 'nabo']","['electricity', 'ba', 'erb', 'nabo']","['electricity', 'ba', 'erb', 'nabo']",electricity ba erb nabo,True,6,matched_energy_terms,"electricity,erb",False,0.0,neutral,-0.8,0.0,1.0,0.0,negative,-0.8,negative,True,-0.8,which electricity,5,1,0.0,0.0,0.0,0.0,0.0,0.0,0.0,False,,0,0.0,0.0,0.0,0.0,0.0,0.0,0.0,0.0,0.0,0.0,0.0,0.0,0.0,negative,negative,negative,20260809T003445Z-0a377717ae25,2026-08-09T00:34:46.462130+00:00
781427967835005,Which electricity????,2025-09-12T06:29:12.000Z,https://www.facebook.com/100068447443740/posts/1098187275806177/,Which electricity????,which electricity,2,,,,which electricity,"['which', 'electricity']",['electricity'],['electricity'],electricity,True,3,matched_energy_terms,electricity,True,0.0,neutral,-0.8,0.0,1.0,0.0,negative,-0.8,negative,True,-0.8,which electricity,2,1,0.0,0.0,0.0,0.0,0.0,0.0,0.0,False,,0,0.0,0.0,0.0,0.0,0.0,0.0,0.0,0.0,0.0,0.0,0.0,0.0,0.0,negative,positive,positive,20260809T003445Z-0a377717ae25,2026-08-09T00:34:46.462130+00:00
